Workbook

Sheet Instructions
A1: ARB Cybersecurity GRC Tracker — Instructions
A3: This single workbook is the data source for the ARB Cybersecurity Compliance web app (index.html).
A5: IMPORTANT: Do not rename any sheet or any column header. The app matches data by exact sheet name and header text.
A6: IMPORTANT: Close this file in Excel before saving changes from the app — Excel locks the file for writing while it is open.
A8: Sheets in this workbook:
A9: - Gaps: one row per control / gap, across all 10 frameworks.
A10: - Summary: auto-calculated rollups per framework (formulas — do not edit).
A11: - Snapshots: historical compliance % captured by the "Take snapshot" button, used for trend charts.
A12: - Meetings: one row per weekly Minutes of Meeting.
A13: - Meeting Items: one row per gap discussed in a meeting.
A14: - Requests: SAMA regulatory requests (main and sub-requests).
A16: You can edit data directly in this file OR through the web app. Both read and write the same rows.
... A24: For NCA ECC, the "NCA Half" column lets you split evidence into H1 / H2 half-year cycles; the dashboard can view Combined, H1 only, or H2 only.

Sheet Gaps
A1: Gap ID | B1: Framework | C1: NCA Half | D1: Domain | E1: Control ID | F1: Control Description | G1: Status | H1: Owner | I1: Target Date | J1: Remediation Action | K1: Comments | L1: Closed Date | M1: Last Updated
A2: GAP-0001 | B2: SAMA CSF | D2: Governance | E2: GV-01 | F2: Cybersecurity strategy approved by the board | G2: Baseline Compliant | H2: N. Al-Otaibi | K2: Example row — replace or delete | M2: 46281.768
A3: GAP-0002 | B3: NCA ECC | C3: H2 | D3: Asset Management | E3: 2-7-1 | F3: Asset inventory maintained and reviewed | G3: Gap - Open | H3: N. Al-Otaibi | I3: 46387 | J3: Deploy CMDB and reconcile quarterly | K3: Example row — replace or delete | M3: 46281.768
A4: GAP-0003 | B4: SWIFT CSCF | D4: Access Control | E4: 5.1 | F4: Logical access control | G4: Gap - In Progress | H4: M. Al-Harbi | I4: 46341 | J4: Roll out MFA to remaining SWIFT terminals | K4: Example row — replace or delete | M4: 46281.768

Sheet Summary
A1: Framework | B1: Total Controls | C1: Baseline Compliant | D1: Gaps Closed | E1: Gaps Open | F1: Compliance %
A2: SAMA CSF | B2: =COUNTIFS(Gaps!$B:$B,$A2,Gaps!$G:$G,"<>Not Applicable") | C2: =COUNTIFS(Gaps!$B:$B,$A2,Gaps!$G:$G,"Baseline Compliant") | D2: =COUNTIFS(Gaps!$B:$B,$A2,Gaps!$G:$G,"Gap - Closed") | E2: =COUNTIFS(Gaps!$B:$B,$A2,Gaps!$G:$G,"Gap - Open")+COUNTIFS(Gaps!$B:$B,$A2,Gaps!$G:$G,"Gap - In Progress") | F2: =IFERROR((C2+D2)/B2,"")
A3: NCA ECC | B3: =COUNTIFS(Gaps!$B:$B,$A3,Gaps!$G:$G,"<>Not Applicable") | C3: =COUNTIFS(Gaps!$B:$B,$A3,Gaps!$G:$G,"Baseline Compliant") | D3: =COUNTIFS(Gaps!$B:$B,$A3,Gaps!$G:$G,"Gap - Closed") | E3: =COUNTIFS(Gaps!$B:$B,$A3,Gaps!$G:$G,"Gap - Open")+COUNTIFS(Gaps!$B:$B,$A3,Gaps!$G:$G,"Gap - In Progress") | F3: =IFERROR((C3+D3)/B3,"")
A4: NCA DCC | B4: =COUNTIFS(Gaps!$B:$B,$A4,Gaps!$G:$G,"<>Not Applicable") | C4: =COUNTIFS(Gaps!$B:$B,$A4,Gaps!$G:$G,"Baseline Compliant") | D4: =COUNTIFS(Gaps!$B:$B,$A4,Gaps!$G:$G,"Gap - Closed") | E4: =COUNTIFS(Gaps!$B:$B,$A4,Gaps!$G:$G,"Gap - Open")+COUNTIFS(Gaps!$B:$B,$A4,Gaps!$G:$G,"Gap - In Progress") | F4: =IFERROR((C4+D4)/B4,"")
A5: NCA CCC | B5: =COUNTIFS(Gaps!$B:$B,$A5,Gaps!$G:$G,"<>Not Applicable") | C5: =COUNTIFS(Gaps!$B:$B,$A5,Gaps!$G:$G,"Baseline Compliant") | D5: =COUNTIFS(Gaps!$B:$B,$A5,Gaps!$G:$G,"Gap - Closed") | E5: =COUNTIFS(Gaps!$B:$B,$A5,Gaps!$G:$G,"Gap - Open")+COUNTIFS(Gaps!$B:$B,$A5,Gaps!$G:$G,"Gap - In Progress") | F5: =IFERROR((C5+D5)/B5,"")
A6: NCA CSCC | B6: =COUNTIFS(Gaps!$B:$B,$A6,Gaps!$G:$G,"<>Not Applicable") | C6: =COUNTIFS(Gaps!$B:$B,$A6,Gaps!$G:$G,"Baseline Compliant") | D6: =COUNTIFS(Gaps!$B:$B,$A6,Gaps!$G:$G,"Gap - Closed") | E6: =COUNTIFS(Gaps!$B:$B,$A6,Gaps!$G:$G,"Gap - Open")+COUNTIFS(Gaps!$B:$B,$A6,Gaps!$G:$G,"Gap - In Progress") | F6: =IFERROR((C6+D6)/B6,"")
A7: NCA OSMACC | B7: =COUNTIFS(Gaps!$B:$B,$A7,Gaps!$G:$G,"<>Not Applicable") | C7: =COUNTIFS(Gaps!$B:$B,$A7,Gaps!$G:$G,"Baseline Compliant") | D7: =COUNTIFS(Gaps!$B:$B,$A7,Gaps!$G:$G,"Gap - Closed") | E7: =COUNTIFS(Gaps!$B:$B,$A7,Gaps!$G:$G,"Gap - Open")+COUNTIFS(Gaps!$B:$B,$A7,Gaps!$G:$G,"Gap - In Progress") | F7: =IFERROR((C7+D7)/B7,"")
A8: NCA TCC | B8: =COUNTIFS(Gaps!$B:$B,$A8,Gaps!$G:$G,"<>Not Applicable") | C8: =COUNTIFS(Gaps!$B:$B,$A8,Gaps!$G:$G,"Baseline Compliant") | D8: =COUNTIFS(Gaps!$B:$B,$A8,Gaps!$G:$G,"Gap - Closed") | E8: =COUNTIFS(Gaps!$B:$B,$A8,Gaps!$G:$G,"Gap - Open")+COUNTIFS(Gaps!$B:$B,$A8,Gaps!$G:$G,"Gap - In Progress") | F8: =IFERROR((C8+D8)/B8,"")
A9: SWIFT CSCF | B9: =COUNTIFS(Gaps!$B:$B,$A9,Gaps!$G:$G,"<>Not Applicable") | C9: =COUNTIFS(Gaps!$B:$B,$A9,Gaps!$G:$G,"Baseline Compliant") | D9: =COUNTIFS(Gaps!$B:$B,$A9,Gaps!$G:$G,"Gap - Closed") | E9: =COUNTIFS(Gaps!$B:$B,$A9,Gaps!$G:$G,"Gap - Open")+COUNTIFS(Gaps!$B:$B,$A9,Gaps!$G:$G,"Gap - In Progress") | F9: =IFERROR((C9+D9)/B9,"")
A10: PCI DSS | B10: =COUNTIFS(Gaps!$B:$B,$A10,Gaps!$G:$G,"<>Not Applicable") | C10: =COUNTIFS(Gaps!$B:$B,$A10,Gaps!$G:$G,"Baseline Compliant") | D10: =COUNTIFS(Gaps!$B:$B,$A10,Gaps!$G:$G,"Gap - Closed") | E10: =COUNTIFS(Gaps!$B:$B,$A10,Gaps!$G:$G,"Gap - Open")+COUNTIFS(Gaps!$B:$B,$A10,Gaps!$G:$G,"Gap - In Progress") | F10: =IFERROR((C10+D10)/B10,"")
A11: RTGS | B11: =COUNTIFS(Gaps!$B:$B,$A11,Gaps!$G:$G,"<>Not Applicable") | C11: =COUNTIFS(Gaps!$B:$B,$A11,Gaps!$G:$G,"Baseline Compliant") | D11: =COUNTIFS(Gaps!$B:$B,$A11,Gaps!$G:$G,"Gap - Closed") | E11: =COUNTIFS(Gaps!$B:$B,$A11,Gaps!$G:$G,"Gap - Open")+COUNTIFS(Gaps!$B:$B,$A11,Gaps!$G:$G,"Gap - In Progress") | F11: =IFERROR((C11+D11)/B11,"")

Sheet Snapshots
A1: Date | B1: Framework | C1: Total Controls | D1: Baseline Compliant | E1: Gaps Closed | F1: Gaps Open | G1: Compliance %
A2: 46281.805 | B2: SAMA CSF | C2: 1 | D2: 1 | E2: 0 | F2: 0 | G2: 1
A3: 46281.805 | B3: NCA ECC | C3: 1 | D3: 0 | E3: 0 | F3: 1 | G3: 0
A4: 46281.805 | B4: NCA DCC | C4: 0 | D4: 0 | E4: 0 | F4: 0
A5: 46281.805 | B5: NCA CCC | C5: 0 | D5: 0 | E5: 0 | F5: 0
A6: 46281.805 | B6: NCA CSCC | C6: 0 | D6: 0 | E6: 0 | F6: 0
A7: 46281.805 | B7: NCA OSMACC | C7: 0 | D7: 0 | E7: 0 | F7: 0
A8: 46281.805 | B8: NCA TCC | C8: 0 | D8: 0 | E8: 0 | F8: 0
A9: 46281.805 | B9: SWIFT CSCF | C9: 1 | D9: 0 | E9: 0 | F9: 1 | G9: 0
A10: 46281.805 | B10: PCI DSS | C10: 0 | D10: 0 | E10: 0 | F10: 0
A11: 46281.805 | B11: RTGS | C11: 0 | D11: 0 | E11: 0 | F11: 0
A12: 46281.805 | B12: SAMA CSF | C12: 1 | D12: 1 | E12: 0 | F12: 0 | G12: 1
A13: 46281.805 | B13: NCA ECC | C13: 1 | D13: 0 | E13: 0 | F13: 1 | G13: 0
A14: 46281.805 | B14: NCA DCC | C14: 0 | D14: 0 | E14: 0 | F14: 0
A15: 46281.805 | B15: NCA CCC | C15: 0 | D15: 0 | E15: 0 | F15: 0
A16: 46281.805 | B16: NCA CSCC | C16: 0 | D16: 0 | E16: 0 | F16: 0
A17: 46281.805 | B17: NCA OSMACC | C17: 0 | D17: 0 | E17: 0 | F17: 0
A18: 46281.805 | B18: NCA TCC | C18: 0 | D18: 0 | E18: 0 | F18: 0
A19: 46281.805 | B19: SWIFT CSCF | C19: 1 | D19: 0 | E19: 0 | F19: 1 | G19: 0
A20: 46281.805 | B20: PCI DSS | C20: 0 | D20: 0 | E20: 0 | F20: 0
A21: 46281.805 | B21: RTGS | C21: 0 | D21: 0 | E21: 0 | F21: 0

Sheet Meetings
A1: Meeting ID | B1: Date | C1: Title | D1: Attendees | E1: Chair | F1: Notes | G1: Status

Sheet Meeting Items
A1: Meeting ID | B1: Gap ID | C1: Comment | D1: Action | E1: Action Owner | F1: Due Date | G1: Action Status

Sheet Requests
A1: Request ID | B1: Request Name | C1: Type | D1: Parent Request ID | E1: Received Date | F1: Receipt Date | G1: Due Date | H1: Due Status | I1: Number of Actions | J1: Completion Date | K1: Days to Complete | L1: Status | M1: Evidences Path | N1: Comments
A2: REQ-0001 | B2: Annual Cybersecurity Self-Assessment 2026 | C2: Main Request | E2: 46235 | F2: 46236 | G2: 46295 | H2: =IF(G2="","",IF(J2<>"","Completed",IF(TODAY()>G2,"Overdue by "&(TODAY()-G2)&" days",(G2-TODAY())&" days left"))) | I2: 5 | K2: =IF(J2<>"",IF(F2<>"",J2-F2,""),"") | L2: In Progress | M2: C:\GRC\SAMA\2026\SelfAssessment\ | N2: Example row — replace or delete
A3: REQ-0002 | B3: Evidence for control 4.2 — access reviews | C3: Sub Request | D3: REQ-0001 | E3: 46239 | F3: 46239 | G3: 46275 | H3: =IF(G3="","",IF(J3<>"","Completed",IF(TODAY()>G3,"Overdue by "&(TODAY()-G3)&" days",(G3-TODAY())&" days left"))) | I3: 2 | J3: 46273 | K3: =IF(J3<>"",IF(F3<>"",J3-F3,""),"") | L3: Closed | M3: C:\GRC\SAMA\2026\SelfAssessment\4.2\ | N3: Example row — replace or delete
A4: REQ-0003 | B4: Incident notification — Q3 phishing campaign | C4: Main Request | E4: 46266 | F4: 46266 | G4: 46285 | H4: =IF(G4="","",IF(J4<>"","Completed",IF(TODAY()>G4,"Overdue by "&(TODAY()-G4)&" days",(G4-TODAY())&" days left"))) | I4: 3 | K4: =IF(J4<>"",IF(F4<>"",J4-F4,""),"") | L4: Open | N4: Example row — replace or delete
A5: REQ-0004 | B5: Nasser | C5: Main Request | E5: 46280.875 | G5: 46280.875 | H5: =IF(G5="","",IF(J5<>"","Completed",IF(TODAY()>G5,"Overdue by "&(TODAY()-G5)&" days",(G5-TODAY())&" days left"))) | I5: 12 | K5: =IF(J5<>"",IF(F5<>"",J5-F5,""),"") | L5: In Progress | M5: dddd/dddd
